{
  "rule": {
    "metrics": {
      "accuracy": 0.8,
      "precision": 0.6,
      "recall": 1.0,
      "f1": 0.75,
      "fpr": 0.2857,
      "auc": 1.0,
      "tp": 18,
      "fp": 12,
      "fn": 0,
      "tn": 30,
      "total": 60
    },
    "per_class": {
      "normal": {
        "total": 30,
        "correct": 24,
        "recall": 0.8
      },
      "malicious_crawler": {
        "total": 18,
        "correct": 18,
        "recall": 1.0
      },
      "legit_crawler": {
        "total": 12,
        "correct": 6,
        "recall": 0.5
      }
    },
    "confusion_matrix": {
      "tp": 18,
      "fp": 12,
      "fn": 0,
      "tn": 30
    }
  },
  "random_forest": {
    "metrics": {
      "accuracy": 1.0,
      "precision": 1.0,
      "recall": 1.0,
      "f1": 1.0,
      "fpr": 0.0,
      "auc": 1.0,
      "tp": 18,
      "fp": 0,
      "fn": 0,
      "tn": 42,
      "total": 60
    },
    "per_class": {
      "normal": {
        "total": 30,
        "correct": 30,
        "recall": 1.0
      },
      "malicious_crawler": {
        "total": 18,
        "correct": 18,
        "recall": 1.0
      },
      "legit_crawler": {
        "total": 12,
        "correct": 12,
        "recall": 1.0
      }
    },
    "feature_importance": [
      [
        "request_count",
        0.11999999999999993
      ],
      [
        "duration_sec",
        1.2142398737108686e-17
      ],
      [
        "avg_interval_sec",
        0.16740749806142202
      ],
      [
        "min_interval_ms",
        0.09546590633341424
      ],
      [
        "requests_per_second",
        0.08999999999999993
      ],
      [
        "unique_paths",
        0.002421830040283926
      ],
      [
        "path_diversity_ratio",
        0.12113954407276685
      ],
      [
        "path_repetition_rate",
        0.14022526501766774
      ],
      [
        "path_concentration",
        0.0033073492468832138
      ],
      [
        "sensitive_path_ratio",
        1.511382367500301e-17
      ],
      [
        "error_rate",
        0.041886998608634055
      ],
      [
        "auth_fail_count",
        0.01975155279503106
      ],
      [
        "post_ratio",
        3.694622460930009e-17
      ],
      [
        "peak_rps_1s",
        0.07
      ],
      [
        "peak_rps_5s",
        0.09999999999999995
      ],
      [
        "max_consecutive_same_path",
        4.477410221382426e-17
      ],
      [
        "known_crawler_ua_ratio",
        0.0
      ],
      [
        "suspicious_ua_ratio",
        0.02839405582389696
      ]
    ],
    "confusion_matrix": {
      "tp": 18,
      "fp": 0,
      "fn": 0,
      "tn": 42
    }
  },
  "isolation_forest": {
    "metrics": {
      "accuracy": 0.9833,
      "precision": 1.0,
      "recall": 0.9444,
      "f1": 0.9714,
      "fpr": 0.0,
      "auc": 0.3221,
      "tp": 17,
      "fp": 0,
      "fn": 1,
      "tn": 42,
      "total": 60
    },
    "per_class": {
      "normal": {
        "total": 30,
        "correct": 30,
        "recall": 1.0
      },
      "malicious_crawler": {
        "total": 18,
        "correct": 17,
        "recall": 0.9444
      },
      "legit_crawler": {
        "total": 12,
        "correct": 12,
        "recall": 1.0
      }
    },
    "confusion_matrix": {
      "tp": 17,
      "fp": 0,
      "fn": 1,
      "tn": 42
    }
  },
  "ensemble": {
    "metrics": {
      "accuracy": 1.0,
      "precision": 1.0,
      "recall": 1.0,
      "f1": 1.0,
      "fpr": 0.0,
      "auc": 1.0,
      "tp": 18,
      "fp": 0,
      "fn": 0,
      "tn": 42,
      "total": 60
    },
    "per_class": {
      "normal": {
        "total": 30,
        "correct": 30,
        "recall": 1.0
      },
      "malicious_crawler": {
        "total": 18,
        "correct": 18,
        "recall": 1.0
      },
      "legit_crawler": {
        "total": 12,
        "correct": 12,
        "recall": 1.0
      }
    },
    "confusion_matrix": {
      "tp": 18,
      "fp": 0,
      "fn": 0,
      "tn": 42
    }
  },
  "summary": [
    {
      "method": "rule",
      "accuracy": 0.8,
      "precision": 0.6,
      "recall": 1.0,
      "f1": 0.75,
      "auc": 1.0,
      "fpr": 0.2857
    },
    {
      "method": "random_forest",
      "accuracy": 1.0,
      "precision": 1.0,
      "recall": 1.0,
      "f1": 1.0,
      "auc": 1.0,
      "fpr": 0.0
    },
    {
      "method": "isolation_forest",
      "accuracy": 0.9833,
      "precision": 1.0,
      "recall": 0.9444,
      "f1": 0.9714,
      "auc": 0.3221,
      "fpr": 0.0
    },
    {
      "method": "ensemble",
      "accuracy": 1.0,
      "precision": 1.0,
      "recall": 1.0,
      "f1": 1.0,
      "auc": 1.0,
      "fpr": 0.0
    }
  ],
  "total_sessions": 200,
  "data_source": "/root/didi_stest/malicious_crawler/data/crawler_traffic.csv",
  "malicious_ratio": 0.3
}